{
  "7bcf245a-b017-457d-acc8-590dd3119d47": {
    "count": 5,
    "first_seen": 1773052862.436933,
    "last_seen": 1773053063.2227998
  }
}